<?xml version="1.0" encoding="UTF-8"?>
<project-private xmlns="http://www.netbeans.org/ns/project-private/1">
    <editor-bookmarks xmlns="http://www.netbeans.org/ns/editor-bookmarks/2" lastBookmarkId="0"/>
    <open-files xmlns="http://www.netbeans.org/ns/projectui-open-files/2">
        <group>
            <file>file:/D:/1.%20Backend/DuAn1/quanlybantui/quanlybantui/src/com/poly/form/hoadon/view/FormBanHang.java</file>
            <file>file:/D:/1.%20Backend/DuAn1/quanlybantui/quanlybantui/src/com/poly/form/hoadon/repository/HoaDonRepository.java</file>
            <file>file:/D:/1.%20Backend/DuAn1/quanlybantui/quanlybantui/src/com/poly/form/hoadon/entity/HoaDonDTO.java</file>
            <file>file:/D:/1.%20Backend/DuAn1/quanlybantui/quanlybantui/src/com/poly/form/hoadon/view/FormKhachHangSearch.java</file>
            <file>file:/D:/1.%20Backend/DuAn1/quanlybantui/quanlybantui/src/com/poly/form/hoadon/entity/KhachHangSearch.java</file>
            <file>file:/D:/1.%20Backend/DuAn1/quanlybantui/quanlybantui/src/com/poly/form/hoadon/service/IHoaDonService.java</file>
            <file>file:/D:/1.%20Backend/DuAn1/quanlybantui/quanlybantui/src/com/poly/form/hoadon/service/HoaDonService.java</file>
        </group>
    </open-files>
</project-private>
